<?xml version="1.0" encoding="UTF-8"?><rss version="2.0"
	xmlns:content="http://purl.org/rss/1.0/modules/content/"
	xmlns:wfw="http://wellformedweb.org/CommentAPI/"
	xmlns:dc="http://purl.org/dc/elements/1.1/"
	xmlns:atom="http://www.w3.org/2005/Atom"
	xmlns:sy="http://purl.org/rss/1.0/modules/syndication/"
	xmlns:slash="http://purl.org/rss/1.0/modules/slash/"
	
	xmlns:georss="http://www.georss.org/georss"
	xmlns:geo="http://www.w3.org/2003/01/geo/wgs84_pos#"
	>

<channel>
	<title>c1592147 &#8211; Deco Piedra</title>
	<atom:link href="/author/c1592147/feed/" rel="self" type="application/rss+xml" />
	<link>/</link>
	<description>Fábrica de Revestimientos y pisos</description>
	<lastBuildDate>Wed, 06 Nov 2013 11:55:36 +0000</lastBuildDate>
	<language>es</language>
	<sy:updatePeriod>
	hourly	</sy:updatePeriod>
	<sy:updateFrequency>
	1	</sy:updateFrequency>
	<generator>https://wordpress.org/?v=6.4.3</generator>

<image>
	<url>https://i0.wp.com/decopiedra.ar/wp-content/uploads/2023/10/cropped-icon-site.png?fit=32%2C32&#038;ssl=1</url>
	<title>c1592147 &#8211; Deco Piedra</title>
	<link>/</link>
	<width>32</width>
	<height>32</height>
</image> 
<site xmlns="com-wordpress:feed-additions:1">224848271</site>	<item>
		<title>¡Hola mundo!</title>
		<link>/hola-mundo/</link>
					<comments>/hola-mundo/#comments</comments>
		
		<dc:creator><![CDATA[c1592147]]></dc:creator>
		<pubDate>Wed, 06 Nov 2013 11:55:36 +0000</pubDate>
				<category><![CDATA[Sin categoría]]></category>
		<guid isPermaLink="false">//?p=1</guid>

					<description><![CDATA[Bienvenido a WordPress. Esta es tu primera entrada. Edítala o bórrala, ¡y comienza a publicar!.]]></description>
										<content:encoded><![CDATA[<p>Bienvenido a WordPress. Esta es tu primera entrada. Edítala o bórrala, ¡y comienza a publicar!.</p>
]]></content:encoded>
					
					<wfw:commentRss>/hola-mundo/feed/</wfw:commentRss>
			<slash:comments>1</slash:comments>
		
		
		<post-id xmlns="com-wordpress:feed-additions:1">1</post-id>	</item>
	</channel>
</rss>
