<?xml version="1.0" encoding="UTF-8"?><rss version="2.0"
	xmlns:content="http://purl.org/rss/1.0/modules/content/"
	xmlns:wfw="http://wellformedweb.org/CommentAPI/"
	xmlns:dc="http://purl.org/dc/elements/1.1/"
	xmlns:atom="http://www.w3.org/2005/Atom"
	xmlns:sy="http://purl.org/rss/1.0/modules/syndication/"
	xmlns:slash="http://purl.org/rss/1.0/modules/slash/"
	
	xmlns:georss="http://www.georss.org/georss"
	xmlns:geo="http://www.w3.org/2003/01/geo/wgs84_pos#"
	>

<channel>
	<title>Jardín &#8211; Deco Piedra</title>
	<atom:link href="/categoria-producto/jardin/feed/" rel="self" type="application/rss+xml" />
	<link>/</link>
	<description>Fábrica de Revestimientos y pisos</description>
	<lastBuildDate>Thu, 15 Feb 2024 17:01:13 +0000</lastBuildDate>
	<language>es</language>
	<sy:updatePeriod>
	hourly	</sy:updatePeriod>
	<sy:updateFrequency>
	1	</sy:updateFrequency>
	<generator>https://wordpress.org/?v=6.4.3</generator>

<image>
	<url>https://i0.wp.com/decopiedra.ar/wp-content/uploads/2023/10/cropped-icon-site.png?fit=32%2C32&#038;ssl=1</url>
	<title>Jardín &#8211; Deco Piedra</title>
	<link>/</link>
	<width>32</width>
	<height>32</height>
</image> 
<site xmlns="com-wordpress:feed-additions:1">224848271</site>	<item>
		<title>Adoquín Individual</title>
		<link>/producto/adoquin-individual/</link>
					<comments>/producto/adoquin-individual/#respond</comments>
		
		<dc:creator><![CDATA[c1592147]]></dc:creator>
		<pubDate>Fri, 27 Oct 2023 14:50:26 +0000</pubDate>
				<guid isPermaLink="false">/?post_type=product#038;p=2014</guid>

					<description><![CDATA[Adoquín fabricado en Hormigón.

El precio corresponde a 10.000 cm2 (81 piezas). Los precios no refieren exactamente al m2 ya que de modelo a modelo varían las medidas.]]></description>
										<content:encoded><![CDATA[<p>Adoquín fabricado en Hormigón.</p>
<p>El precio corresponde a 10.000 cm2 (81 piezas). Los precios no refieren exactamente al m2 ya que de modelo a modelo varían las medidas.</p>
]]></content:encoded>
					
					<wfw:commentRss>/producto/adoquin-individual/feed/</wfw:commentRss>
			<slash:comments>0</slash:comments>
		
		
		<post-id xmlns="com-wordpress:feed-additions:1">2014</post-id>	</item>
		<item>
		<title>Adoquín Césped</title>
		<link>/producto/adoquin-cesped/</link>
					<comments>/producto/adoquin-cesped/#respond</comments>
		
		<dc:creator><![CDATA[c1592147]]></dc:creator>
		<pubDate>Fri, 27 Oct 2023 14:36:40 +0000</pubDate>
				<guid isPermaLink="false">/?post_type=product#038;p=2010</guid>

					<description><![CDATA[Revestimiento fabricado en Hormigón.

El precio corresponde a 9.900 cm2 (11 piezas). Los precios no refieren exactamente al m2 ya que de modelo a modelo varían las medidas.]]></description>
										<content:encoded><![CDATA[<p>Revestimiento fabricado en Hormigón.</p>
<p>El precio corresponde a 9.900 cm2 (11 piezas). Los precios no refieren exactamente al m2 ya que de modelo a modelo varían las medidas.</p>
]]></content:encoded>
					
					<wfw:commentRss>/producto/adoquin-cesped/feed/</wfw:commentRss>
			<slash:comments>0</slash:comments>
		
		
		<post-id xmlns="com-wordpress:feed-additions:1">2010</post-id>	</item>
	</channel>
</rss>
