<?xml version="1.0" encoding="UTF-8"?><rss version="2.0"
	xmlns:content="http://purl.org/rss/1.0/modules/content/"
	xmlns:dc="http://purl.org/dc/elements/1.1/"
	xmlns:atom="http://www.w3.org/2005/Atom"
	xmlns:sy="http://purl.org/rss/1.0/modules/syndication/"
	
	xmlns:georss="http://www.georss.org/georss"
	xmlns:geo="http://www.w3.org/2003/01/geo/wgs84_pos#"
	
	>
<channel>
	<title>
	Comentarios en: ¡Hola mundo!	</title>
	<atom:link href="/hola-mundo/feed/" rel="self" type="application/rss+xml" />
	<link>/hola-mundo/</link>
	<description>Fábrica de Revestimientos y pisos</description>
	<lastBuildDate>Wed, 06 Nov 2013 11:55:36 +0000</lastBuildDate>
	<sy:updatePeriod>
	hourly	</sy:updatePeriod>
	<sy:updateFrequency>
	1	</sy:updateFrequency>
	<generator>https://wordpress.org/?v=6.4.3</generator>
	<item>
		<title>
		Por: Sr WordPress		</title>
		<link>/hola-mundo/#comment-1</link>

		<dc:creator><![CDATA[Sr WordPress]]></dc:creator>
		<pubDate>Wed, 06 Nov 2013 11:55:36 +0000</pubDate>
		<guid isPermaLink="false">//?p=1#comment-1</guid>

					<description><![CDATA[Hola, esto es un comentario.
Para borrar un comentario simplemente accede y revisa los comentarios de la entrada. Ahí tendrás la opción de editarlo o borrarlo.]]></description>
			<content:encoded><![CDATA[<p>Hola, esto es un comentario.<br />
Para borrar un comentario simplemente accede y revisa los comentarios de la entrada. Ahí tendrás la opción de editarlo o borrarlo.</p>
]]></content:encoded>
		
			</item>
	</channel>
</rss>
